index,sname,pname,price
이마트몰/과일
1,이마트몰,크리스피 야채믹스칩 180g,"5,980"
2,이마트몰,7D 건망고 80g,"4,180"
3,이마트몰,건크랜베리 350g,"5,480"
4,이마트몰,씨를 뺀 건자두 300g,"3,980"
5,이마트몰,[국내산] 대추방울토마토 1kg/팩,"7,900"
6,이마트몰,건망고 슬라이스 250g,"7,980"
7,이마트몰,[국내산] 방울토마토 600g/팩,"3,400"
8,이마트몰,[국산의 힘] 무지개 방울토마토 900g/팩,"7,900"
9,이마트몰,저탄소인증 참외 1.2kg/봉,"8,980"
10,이마트몰,[미국산] 네이블 오렌지 7~11입/봉 (2.1kg내외),"7,980"
11,이마트몰,[미국산] 냉동 블루베리 1.5kg/봉,"10,800"
12,이마트몰,건블루베리 350g,"10,800"
13,이마트몰,[미국산] 퓨어스펙 고당도 오렌지 5~6입/봉 (1.5kg내외),"7,480"
14,이마트몰,[삼양사] 건크랜베리 150g,"3,980"
15,이마트몰,[국내산] 달짝이 토마토 750g/팩,"6,900"
16,이마트몰,[피코크] 망고 그대로 10g,"2,480"
17,이마트몰,[당도선별] 성주 참외 1.5kg  (봉),"8,980"
18,이마트몰,[뉴질랜드산] 제스프리 썬골드키위 7~14입/팩 (1.1kg내외),"12,800"
19,이마트몰,대추방울토마토 750g (팩),"4,980"
20,이마트몰,[국내산] 블루베리 200g/팩,"8,980"
21,이마트몰,저탄소인증 사과 4~7입/봉 (1.3kg내외),"9,900"
22,이마트몰,[당도선별] 유명산지 청송사과 1.5kg (봉),"11,800"
23,이마트몰,[국내산] 완숙토마토 6~8입/팩 (1.2kg),"5,900"
24,이마트몰,[페루산] 냉동딸기 1.3kg,"7,980"
25,이마트몰,[국내산] 허니토마토 500g/팩,"5,900"
26,이마트몰,[뉴질랜드산] 제스프리 그린키위/팩 (1kg내외),"7,980"
27,이마트몰,[미국산] 레몬 1개 (150g내외),980
28,이마트몰,[국내산] GAP 죽장사과 4~6입/봉 (1.3kg내외),"10,800"
29,이마트몰,친환경 방울토마토 600g/팩,"4,280"
30,이마트몰,[삼양사] 건포도 150g,"3,280"
 
마켓컬리/과일
1,마켓컬리,무농약 성주 참외 1.2kg (4~7입),"14,900원"
2,마켓컬리,[올프레쉬] 백자 멜론 1통,"13,410원"
3,마켓컬리,우곡 참박 수박 (6kg 이상),"22,900원"
4,마켓컬리,GAP 세지 멜론 1.8kg,"24,900원"
5,마켓컬리,저탄소 GAP 스테비 참외 4입 1.2kg,"13,962원"
6,마켓컬리,하우스 대석 자두 400g,"11,900원"
7,마켓컬리,작지만 나도 성주 참외 2kg,"14,900원"
8,마켓컬리,유기농 참외 1kg (4-5입),"12,800원"
9,마켓컬리,국산 블루베리 300g (상),"14,857원"
10,마켓컬리,GAP 델라웨어 포도 200g,"7,980원"
11,마켓컬리,GAP 실속 꼬마 참외 5~6입,"8,990원"
12,마켓컬리,실속 성주 참외 1.5kg,"9,933원"
13,마켓컬리,저탄소 GAP 성주 봉지참외 1개,"2,691원"
14,마켓컬리,무농약 수박 2종,"23,900원"
15,마켓컬리,저탄소인증 GAP 성주참외 4입,"12,900원"
16,마켓컬리,제주산 애플망고 1입 (470g내외),"43,650원"
17,마켓컬리,[올프레쉬] 머스크 멜론 1.7kg,"29,900원"
18,마켓컬리,친환경 블루베리 4종,"5,391원"
19,마켓컬리,캘리포니아 생체리 500g 10Row,"16,900원"
20,마켓컬리,저탄소 GAP 하미과 멜론 800g,"9,900원"
21,마켓컬리,제주산 애플망고 2입 (600g내외),"41,710원"
22,마켓컬리,GAP 신칠라 블루베리 100g 2종,"5,990원"
23,마켓컬리,칠레산 씨없는 적포도 700g,"7,500원"
24,마켓컬리,국산 블루베리 100g (특),"5,992원"
25,마켓컬리,당도선별 고당도 수박 2종,"16,800원"
26,마켓컬리,GAP 산딸기 250g,"12,900원"
 
쿠팡/과일
1,쿠팡,"데일리 문경농협 사과, 10kg(46내), 1박스","75,600"
2,쿠팡,"당도선별 성주 벽진참외, 1.5kg, 1봉","11,500"
3,쿠팡,"곰곰 당도선별 함안 수박 5kg미만, 1개","16,700"
4,쿠팡,"[쿠팡 직수입] 그린팜 칠레산 블루베리 (냉동), 1.5kg, 1개","9,480"
5,쿠팡,"곰곰 대추방울토마토, 750g, 1팩","4,900"
6,쿠팡,"당도선별 성주 벽진 미니참외, 2kg, 1봉","15,800"
7,쿠팡,"진시황 부여 당도선별 수박, 6kg 미만, 1개","15,700"
8,쿠팡,"곰곰 당도선별 세척사과, 2kg, 1박스","13,290"
9,쿠팡,"제스프리 왕점보 썬골드키위, 왕점보, 1.5kg, 1팩","14,800"
10,쿠팡,"제스프리 썬골드 키위, XL, 1.5kg(12개입), 1개","15,900"
11,쿠팡,"스테비아 스윗토 방울토마토, 1.2kg, 1팩","17,760"
12,쿠팡,"곰곰 당도선별 꼬마참외, 1.5kg, 1봉","12,590"
13,쿠팡,"곰곰 블루베리 (냉동), 1kg, 2개","11,610"
14,쿠팡,"무농약 인증 영동 블루베리, 500g, 1팩","17,900"
15,쿠팡,"곰곰 고당도 스테비아 수박, 8kg미만, 1개","20,570"
16,쿠팡,"Dole 스위티오 바나나, 1.5kg, 1개","4,970"
17,쿠팡,"퓨어스펙 고당도 오렌지 중대과, 3kg(10~22입), 1봉","16,900"
18,쿠팡,"Dole 미국산 아보카도, 1kg, 1팩","12,900"
19,쿠팡,"델몬트 파인스틱 10입, 900g, 1팩","13,900"
20,쿠팡,"아도라 포도, 1.8kg, 1개","17,900"
21,쿠팡,"프레샤인 GAP 인증 당도선별 CA저장 충주 세척사과, 2kg, 1박스","17,400"
22,쿠팡,"곰곰 당도선별 용암 꼬마참외 (10~14입), 2kg, 1봉","13,990"
23,쿠팡,"곰곰 대추방울토마토, 1kg, 1팩","5,850"
24,쿠팡,"칠레산 프리미엄 고당도 카라샬포도, 1.2kg, 1팩","11,860"
25,쿠팡,"하이후레쉬 골드파인애플 청크형, 1.5kg, 1팩","12,900"
26,쿠팡,"e-아라리 함안 당도선별 수박, 5kg미만, 1개","14,900"
27,쿠팡,"델몬트 파인애플, 800g, 2개","15,900"
28,쿠팡,"쿠마토, 1.2kg, 1팩","11,790"
29,쿠팡,"스테비아 토망고(완숙), 1kg, 2팩","19,250"
30,쿠팡,"Dole 스위티오 바나나, 6팩","11,900"
 
네이버쇼핑/과일
1,네이버쇼핑,[항공직수입]프리미엄 생 체리 대과 1kg 2kg 9.5R 10R 10.5R,"19,500원"
2,네이버쇼핑,아로니아 햇 냉동생과 5kg 냉동생과 아이스박스 신선포장,"33,000원"
3,네이버쇼핑,털보네 껍질째먹는 고당도 부사 꿀사과 9kg내외 흠과,"38,900원"
4,네이버쇼핑,스테비아 토마토 토망고 샤인마토 방울토마토 허니마토,"5,900원"
5,네이버쇼핑,산지직송 당도선별 가정용 성주참외 5kg 랜덤 실중량,"16,500원"
6,네이버쇼핑,예비맘을 위한 인생선물 하우스 복숭아 백도 황도 1kg 2kg,"29,800원"
7,네이버쇼핑,대저 짭짤이 토마토 고당도 짭잘이 부산 대저토마토,"24,900원"
8,네이버쇼핑,제주도 하우스 감귤 카라향(귤로향) 3kg 5kg 10kg,"40,000원"
9,네이버쇼핑,제스프리 썬 골드키위 2.9kg,"26,900원"
10,네이버쇼핑,프리미엄 고당도 생체리 1kg 2kg 왕체리 항공직송,"15,900원"
11,네이버쇼핑,2021년 광양다압 GAP인증 매실 (예약주문),"16,800원"
12,네이버쇼핑,프리미엄 제스프리 뉴질랜드 골드키위 2.8kg,"20,900원"
13,네이버쇼핑,사과유명한곳 홈골농원 경북 청송 꿀 부사 사과 한박스 기스 가정용 5kg,"22,900원"
14,네이버쇼핑,"2021 성주 참외 5kg 19000원, 10kg 28000원","19,000원"
15,네이버쇼핑,항공직송 고당도 태국 골드망고 특상품 2kg 5kg 특대 망고,"29,500원"
16,네이버쇼핑,경북사과 시골청년 껍질째먹는 꿀사과 5kg 10kg,"25,900원"
17,네이버쇼핑,과일꾼 벌꿀참외 성주참외 못난이 가정용 선물용,"18,900원"
18,네이버쇼핑,"[항공직송] 캘리포니아 생 체리 9.5row,10.5row 1kg","20,900원"
19,네이버쇼핑,국산 무농약 햇블루베리 영동 생블루베리 생과 1kg 500g 250g,"27,100원"
20,네이버쇼핑,프리미엄 썬키스트 블랙라벨 고당도 오렌지 품질보장,"13,300원"
21,네이버쇼핑,토망고 스테비아 토마토 망고 방울 설탕 슈가 단맛토 샤인마토 단,"8,400원"
22,네이버쇼핑,시아스 냉동 블루베리 1kg 과육100% 씻어나와 바로 먹을수 있습니다,"5,900원"
23,네이버쇼핑,[수토마켓] 산지직송 새벽수확 고당도하우스수박 4-9kg,"10,900원"
24,네이버쇼핑,출산과일바구니 임신 축하 조리원 선물용 배달,"99,900원"
25,네이버쇼핑,[국내 첫 출하] 서귀포in정 명품 프리미엄 애플망고 3kg 로얄과 7~9과,"120,000원"
26,네이버쇼핑,의령 유기농 구아바잎차 구아바 잎 효능(45일분) 300g (25gX12봉지),"35,000원"
27,네이버쇼핑,대추 방울토마토 토마토 2kg 5kg 실중량,"11,700원"
28,네이버쇼핑,제주 감귤 황금향 3kg 5kg 10kg 선물용 가정용 하우스,"25,500원"
29,네이버쇼핑,항공직송 페루 애플망고 태국 코끼리 망고 왕 특대 마하차녹 2kg 4kg 5kg,"19,900원"
30,네이버쇼핑,스테비아 토마토 토망고 샤인마토 설탕 고당도 단 방울토마토,"6,600원"
 
위메프/과일
1,위메프,자연미가  냉동 패션후르츠(백향과) 2kg(1kgx2ea),"9,900"
2,위메프,지리산 산딸기/복분자,"25,900"
3,위메프,대추 말린대추 건대추차 국내산,"7,000"
4,위메프,[DAY][홈쇼핑][농협] 아삭달콤 의성 진 사과 가정용 특대과 ...,"62,900"
5,위메프,달콤 아삭 성주 꼬마 참외 7kg 당일 수확배송 (포장제 포함무게...,"23,900"
6,위메프,맛난이 성주 꿀 참외 당일수확 당일배송 가정용 꼬마 7kg (포장...,"23,900"
7,위메프,[5월24일 첫발송] 하동농협 공동선별 청매실 10kg(상) 무료...,"25,900"
8,위메프,못드시는건 팔지 않겠습니다 맛난이 성주 참외  당일 수확 배송 7...,"19,900"
9,위메프,"[5월24일 첫발송] 하동농협 공동선별 청매실 5kg, 10kg ...","19,900"
10,위메프,아삭아삭 청송 꿀 부사사과 10kg 실속형/5kg정품/부사/로얄부...,"11,900"
11,위메프,고당도 경북 사과 부사사과 5kg 2.5kg 흠과 가정용 기스과,"9,900"
12,위메프, 아삭아삭사과 5kg 흠과 (25~30과)-기스과-꼬꼬마사과 /부...,"11,900"
13,위메프,아침이슬 가정용 햇 빨간 사과 3kg 꼬마 17-19과,"10,900"
14,위메프,쫀득쫀득한 가정용 경북 찰 토마토 대과  5kg,"11,900"
15,위메프,상처가진 맛있는 고당도 성주 참외4kg,"9,900"
16,위메프,성주 참외 중대과 5kg ,"10,900"
17,위메프,테일러 푸룬 건자두 450g x 2개입,"11,490"
18,위메프,고당도 성주참외 5kg (한입소과),"10,900"
19,위메프,(FARMER'S MARKET) 뀰~머금은 농부의가게 성주 꿀 참...,"15,000"
20,위메프,달콤한 성주 참외 4kg 소과,"10,900"
21,위메프,고당도 성주참외 4kg내외 (중과),"14,900"
22,위메프,[삼도웰빙] 맛나지오 동결건조 딸기칩&배칩&사과칩&꼬마토마토칩&한...,"2,500"
23,위메프,정품 꿀고구마말랭이60g *5봉,"8,900"
24,위메프,건블루베리 600g (미국산) 외 인기견과모음전,"14,130"
25,위메프,신정푸드 패션후르츠 퓨레 1kg+1kg / 총 2kg,"13,500"
26,위메프,산과들에 허니버터아몬드 200g 인기간식 38종 골라담기 2만원이...,"2,580"
27,위메프,아삭아삭 청송 꿀 부사사과 10kg 실속형/정품/부사/로얄부사,"34,900"
28,위메프,너트리 볶음땅콩 3.75kg 대용량 외 땅콩 모음,"16,790"
29,위메프,너트리 건포도 1kg 크랜베리 요거트건포도 땅콩 블루베리 건과일,"4,900"
30,위메프,냉동포장 무료 냉동과일 1kg 모음전30종류/ 간편과일/딸기/블루...,"5,600"
 
홈플러스/과일
1,홈플러스,"체리(미국) 400G(팩) (목,금 ▶1+1) ","12,990"
2,홈플러스,HB)프리미엄 블랑청포도(칠레) 900G(팩),"10,990"
3,홈플러스,알알이 당도선별한 성주참외 2KG(봉),"14,990"
4,홈플러스,대추방울토마토 1.7KG(박스),"11,990"
5,홈플러스,HB)제스프리 썬 골드키위 8-14입(팩),"12,990"
6,홈플러스,HB)12Brix블랙라벨 고당도 오렌지 9-19입(봉)(2.6kg내외),"12,990"
7,홈플러스,HB)작지만 블랙라벨 오렌지야 20-24입(박스),"12,990"
8,홈플러스,프리미엄 바나나 스위티오(필리핀) 송이(1.1KG),"4,990"
9,홈플러스,100% 당도선별 수박 7KG이상(통),"17,990"
10,홈플러스,H)알알이 당도선별 하우스밀감 800G(팩),"13,990"
11,홈플러스,맛이 예쁜 사과 5-12입(봉)(2kg),"12,990"
12,홈플러스,"새벽에 수확한 싱그러움, 산딸기 400G(박스)","13,990"
13,홈플러스,방울토마토 2KG(박스),"11,990"
14,홈플러스,100% 당도선별 수박 6KG이상(통),"16,990"
15,홈플러스,100% 당도선별 수박 8KG이상(통),"18,990"
16,홈플러스,"백도를 품은 천도, 하우스 신비복숭아 400G(팩)","12,990"
17,홈플러스,씨없는 적포도(칠레) 1.2KG(팩),"10,990"
18,홈플러스,자몽(미국) 4-8입(봉)(1.6KG내외),"10,990"
19,홈플러스,작아도 맛있는 한입참외 2KG(팩),"12,990"
20,홈플러스,HB)제스프리 킹스 골드키위(뉴질랜드) 개,"1,490"
21,홈플러스,바나나(필리핀) 송이,"5,990"
22,홈플러스,골드 컷 파인애플 1KG,"9,990"
23,홈플러스,아보카도(미국) 5-7입(팩)(900G),"9,990"
24,홈플러스,Dole 냉동 망고 1KG,"6,390"
25,홈플러스,스위트마운틴 바나나 송이(1.1KG),"4,490"
26,홈플러스,대용량 레드글로브(칠레) 포도 1.8KG(팩),"10,990"
27,홈플러스,유기농 바나나 3입(봉) (330G),"1,990"
28,홈플러스,HB)스낵 토마토 800G(박스),"7,990"
29,홈플러스,베트남 퀸망고 개,"8,990"
30,홈플러스,탱글탱글 완숙토마토 1KG(봉),"5,990"
 
지마켓/과일
1,지마켓,성주참외 가정용 랜덤 4.5kg 15% 애프터세일,"14,900"
2,지마켓,청송햇사과 선물세트 선물2호4kg (11~12과),"49,900"
3,지마켓,고당도 청송사과 4kg (19~21과)-정품,"24,900"
4,지마켓,봉화미담 고당도 부사 사과 가정용 10kg 40 46과,"47,000"
5,지마켓,청정 영주소백산사과 가정용꿀부사10kg중대과(32~36과),"46,800"
6,지마켓,산지직송 청송 사과 가정용흠과 9kg내외 /중대과,"37,900"
7,지마켓,고당도 아삭아삭 청송사과 10kg가정용(30~38과) 기스과,"39,800"
8,지마켓,오존수 세척사과 4kg (23-27과),"13,900"
9,지마켓,소양강 토마토 10kg  쥬스용 크기(혼합형) 산지직송,"24,900"
10,지마켓,우리존 빨강자몽 벌크대용량  45입(중/개당300g내외),"44,800"
11,지마켓,스낵토마토 GAP인증 2kg(1kg x 2ea),"24,410"
12,지마켓,만나몰 레드 자몽 8개입 (개당 330g 내외/캘리포니아),"13,900"
13,지마켓,(깨비농원)고당도 하우스귤 1kg 소과/2개구매시2.5kg,"13,900"
14,지마켓,후레쉬 루비레드 자몽 3KG 10입내외(9-12입 중크기),"13,800"
15,지마켓,성주참외 가정용 랜덤 4.5kg 15% 애프터세일,"14,900"
16,지마켓,자연속애/토마토/正品 토마토 5kg /산지직송/4~5번과,"11,900"
17,지마켓,자연속애/토마토/쥬스용 5kg 산지직송/못난이토마토,"9,900"
18,지마켓,미국산 체리 캘리포니아산 생체리 (10~10.5 row) 1kg,"23,900"
19,지마켓,체리 캘리포니아 생 체리 1kg 10.5row,"22,900"
20,지마켓,영주풍기사과 꿀맛사과 10kg 34 42과 가정용 흠집사과,"48,600"
21,지마켓,농협 껍질째먹는 세척사과 7.5kg 26 30과,"42,000"
22,지마켓,영주풍기사과 꿀맛사과 10kg 28 32과 가정용 흠집사과,"49,900"
23,지마켓,청정 영주소백산사과 10kg정품꿀부사대과(27~33과내외),"54,800"
24,지마켓,오미자 국내산 문경 건오미자 250g,"16,900"
25,지마켓,성주 꿀 참외 5kg이내 (크기랜덤)가정용,"12,900"
26,지마켓,성주참외 가정용 랜덤 4.5kg 15% 애프터세일,"14,900"
27,지마켓,대저토마토 2.5kg+2.5kg(총5kg) 중소과(M-S)-로얄과,"25,900"
28,지마켓,참조은 성주 참외 실속형 4.5kg  꼬마소과,"19,900"
29,지마켓,생생스토리 스테비아대추방울 토망고 500g+500g,"23,900"
30,지마켓,아침이슬사과 경북 가정용 부사 사과 8kg 꼬마(49-58),"17,900"
 
카카오쇼핑/과일
1,카카오쇼핑, [신세계푸드/직수입] 제스프리 썬골드키위 16과 (개당110g내외) ,"가격 23,900원 "
2,카카오쇼핑, 과즙이풍부한 정품 영암꿀수박 5~6kg(당도선별 11brix이상) ,"가격 19,900원 "
3,카카오쇼핑, 2021년 첫수확! 고당도 하우스 감귤 1.5kg/2.5kg ,"가격 19,900원 "
4,카카오쇼핑, [농사랑] 시원달콤! 못생겨도 맛있다~당도선별 산지직송 가정용 못난이 꿀 수박 4kg ,"톡딜가 10,600원"
5,카카오쇼핑," 경북사과 햇 꿀 부사, 빨간사과 3kg, 5kg [산지직송] 가정용 흠과 / 산들정 ","톡딜가 12,900원"
6,카카오쇼핑, 특정품 성주 꿀 참외 2kg 5kg 10kg ,"톡딜가 10,900원"
7,카카오쇼핑, 21년 첫 통관수입 / 항공직송!! 캘리 포니아 생 체리 1kg 10.5row / 무료배송 ,"톡딜가 24,900원"
8,카카오쇼핑, 썬플러스 세척사과 2.5kg(10-17과)가정용 ,"가격 13,900원 "
9,카카오쇼핑," [제스프리] 골드키위 특대사이즈 2.1kg (15-17과, 과당 135g 내외) ","가격 21,900원 "
10,카카오쇼핑, [ 3.4kg 점보특집 ] 제스프리 썬골드키위 전용 브랜드 박스 최신통관 골드키위 ,"톡딜가 27,900원"
11,카카오쇼핑, 까기쉬운 만다린 오렌지 1.5kg ,"톡딜가 15,900원"
12,카카오쇼핑, [50개 한정판매/반값할인] 정품 성주참외 특/로얄과 2kg 5kg 10kg ,"톡딜가 9,900원"
13,카카오쇼핑, 새콤달콤 하우스 블루베리 생과 특/특대/왕특 400g(200gx2팩) ,"가격 19,900원 "
14,카카오쇼핑, 당도선별 맛있는 꿀수박 6-7kg내외 ,"톡딜가 11,900원"
15,카카오쇼핑, 제스프리 골드키위 대과 15과 / 2개 구매시 32과 발송 외 ,"가격 16,900원 "
16,카카오쇼핑, Dole 아보카도 10과 1.2kg 내외 소과/중과/대과 ,"가격 18,900원 "
17,카카오쇼핑, 고당도 블랙라벨 오렌지 3.5kg내외 12-18입/10kg 30-50입 중과 중대과 대과 ,"톡딜가 11,900원"
18,카카오쇼핑, 퓨어스펙 블랙라벨오렌지 30과 당도보장특품 ,"가격 29,900원 "
19,카카오쇼핑, [기획상품][플친특가] 태국망고&마하차녹 무지개 망고 4kg(10-14과) ,"가격 34,900원 할인율22%"
20,카카오쇼핑, 블랙사파이어 크림슨포도 프리미엄 수입포도 애플청포도 오톰크리스피 ,"톡딜가 15,900원"
21,카카오쇼핑, 자연이 준 신선하고 달콤한 성주참외2kg (로얄과/6~11과) ,"가격 18,900원 "
22,카카오쇼핑, [유나네 과수원] 프리미엄 태국 망고 2.5kg 모음전 ,"톡딜가 25,900원"
23,카카오쇼핑, 썬플러스 세척사과 3kg(12-19과내외)/흠과 ,"가격 15,900원 "
24,카카오쇼핑, 성주꿀참외 2kg/2개주문시 5kg발송 ,"톡딜가 9,900원"
25,카카오쇼핑, 무배/당도선별 고당도 맛있는 꿀수박6~7kg 가정용/국내산 ,"톡딜가 14,900원"
26,카카오쇼핑,[친구전용] 새콤달콤 제스프리 골드키위 특대과 20과 / 2개 구매시 3과추가 / 무료배송! ,"가격 19,900원 할인율33%"
27,카카오쇼핑, 캘리포니아산 항공 체리 모음전 ,"톡딜가 14,900원"
28,카카오쇼핑,[친구전용] 아보카도 중과 대과 10개입 5개입 ,"가격 16,700원 할인율15%"
29,카카오쇼핑, 달콤하고 시원한 곡성 햇 정품 꿀수박 5-6kg(1수) ,"가격 20,900원 "
30,카카오쇼핑, 미쿡을 다녀온 볼빨간 생체리 한정특가 400g 두팩 구입시 200g 추가구성(총1kg발송) ,"가격 14,900원 "
 
온브릭스/국산과일
1,온브릭스,"인내의 결실, 봄 수박 6~7kg / 7kg 이상 (1통)","19,800원"
2,온브릭스,시즌 첫 수확 고당도 성주 참외 1.8kg이상 (6-7과/로얄과),"16,800원"
3,온브릭스,"100일의 기다림, 고당도 얼스 멜론 1.6kg이상 (1입)","17,800원"
4,온브릭스,고당도 논산 하우스 햇자두 800g (400g*2팩),"24,800원"
5,온브릭스,고당도 블랙 망고수박 2kg이상 (12Brix/특품),"14,800원"
6,온브릭스,"참외인가 멜론인가, 고당도 금향 멜론 2.3kg이상 (3~4입)","25,800원"
7,온브릭스,"압도적인 크기, 압도적인 단 맛 꼬꼬마 토마토 800g이상 (특품/400g*2팩)","25,800원"
8,온브릭스,"앙증맞은 사이즈에 달달함 가득, 애플 수박 1.5kg이상 (1통)","15,800원"
9,온브릭스,"귀족 멜론, 고당도 백자 멜론 1.6kg이상 (1입)","17,800원"
10,온브릭스,"[소담과]붉은색과 청색의 우아한 자태, 햇자두 300g이상(4~5입/특품)","9,900원"
11,온브릭스,프리미엄 제주 애플망고 1.2kg (4입/16Brix),"62,800원"
12,온브릭스,"식탁에 뜬 달콤 보름달, 고당도 양구 멜론 1.6kg이상 (1입)","22,800원"
13,온브릭스,최우수 프리미엄 산지 청송 '꿀' 세척 부사 사과 2kg이상 (8-10입),"14,900원"
14,온브릭스,"최우수 프리미엄 산지, 청송 꿀 부사 사과 2kg이상 ( 중과 / 7~8과 )","19,900원"
15,온브릭스,"[소담과] 시즌 첫 수확 고당도 성주 참외 1kg이상 (4입,특품/로얄과)","9,900원"
온브릭스/수입과일
1,온브릭스,"[소담과] 프리미엄 태국 골드망고 640g이상 (2입, 특품/로얄과)","9,000원"
2,온브릭스,"[소담과] 작지만 강한 단 맛, 반전매력의 큐티스 900g이상","9,000원"
3,온브릭스,"""항공직송"" 프리미엄 태국 골드망고 3kg이상 (8입,특품/로얄과)","43,800원"
4,온브릭스,"[소담과] 과일계의 붉은 루비, 캘리포니아 체리 300g이상","9,000원"
5,온브릭스,"""항공직송"" 프리미엄 태국 골드망고 2kg (5~6입,특품/로얄과)","27,900원"
6,온브릭스,"[소담과] 달콤 새콤함의 공존, 망고스틴 500g이상 (4~5입/특품)","13,800원"
7,온브릭스,망고스틴 & 태국 골드망고 혼합세트 1.7kg 이상,"31,900원"
8,온브릭스,"작지만 강한 단 맛, 반전매력의 큐티스 2kg (22~26과)","21,800원"
9,온브릭스,"천상의 맛 '과일의 황제, 태국 두리안' 2.2kg이상 (1입/몬통 품종)","56,900원"
10,온브릭스,"작지만 강한 단 맛, 반전매력의 큐티스 2kg (19~23과)","19,800원"
11,온브릭스,여왕의 귀환 '태국 망고스틴' 1kg (10~12입/16Brix),"29,800원"
12,온브릭스,"대한민국 최초! 신비의 과일, 마하차녹 망고 1.8kg이상 (6입,특품/로얄과)","28,900원"
13,온브릭스,"황금빛 태양의 과일, 제스프리 골드키위 1.7kg이상 (2팩/14입)","22,900원"
14,온브릭스,"[소담과] 뜨거운 태양의 과일, 자몽 2.1kg이상(5입/특품)","9,900원"
15,온브릭스,프리미엄 블랙라벨 퓨어스펙 고당도 오렌지 2.6kg (대과/11과),"13,900원"
 - 채소 -
이마트몰/채소
1,이마트몰,꿈꾸는콩 촌두부 550G,"1,450"
2,이마트몰,[종가집] 콩이가득두부찌개용 300g,"1,000"
3,이마트몰,노브랜드 국산콩두부300g*2입,"3,280"
4,이마트몰,[풀무원] 국산콩 콩나물 340g,"2,500"
5,이마트몰,CJ양념이 잘 배는 찌개두부300g,"1,100"
6,이마트몰,CJ행복한콩 깨끗한콩나물 380g,"1,680"
7,이마트몰, 국산 콩 순두부 (350g),"2,000"
8,이마트몰,[피코크] 제주콩 두부 300gx2개입,"4,480"
9,이마트몰,CJ 아삭통통숙주 380g,"1,680"
10,이마트몰,풀무원두부봉,"1,950"
11,이마트몰,친환경 가계 절약 양파 1kg,"3,980"
12,이마트몰,풀무원네컵연두부360g,"2,800"
13,이마트몰,풀무원 아삭숙주 300g,"1,800"
14,이마트몰,풀무원 무농약 국산숙주 240g,"2,600"
15,이마트몰, 전주콩나물 340g+60g,"2,380"
16,이마트몰,얇은두부면 100g,"2,600"
17,이마트몰,[피코크] 파주 장단콩 순두부 350g,"1,980"
18,이마트몰,[풀무원] SOGA 부드러운 찌개 두부 (300g),"1,300"
19,이마트몰, 고소한 손두부300g,"1,980"
20,이마트몰,꿈꾸는콩_국산촌두부 550G,"3,280"
21,이마트몰, 국산콩 두부두모 600g(300gx2),"4,780"
22,이마트몰,풀무원 다진마늘 260g,"8,560"
23,이마트몰,CJ 행복한콩 실속두부기획 300g*2,"1,980"
24,이마트몰,[종가집] 유기농 숨쉬는콩나물 460g,"2,180"
25,이마트몰,CJ두가지로만든 국산콩 부침찌개 두부 300g*2,"4,980"
26,이마트몰,[피코크] 제주콩 두부 160g,"1,980"
27,이마트몰, 국산 콩 연두부 (250g),"1,950"
28,이마트몰,[CJ] 행복한 콩 모닝 두부 140g,"1,000"
29,이마트몰,피코크 초당순두부 280g,"2,780"
30,이마트몰, 고소한국산콩손두부 300g,"3,980"
 
마켓컬리/채소
1,마켓컬리,'햇' 주대마늘 50입,"16,900원"
2,마켓컬리,[KF365] 햇 양파 1.8kg,"3,590원"
3,마켓컬리,[KF365] 다다기오이 3입,"1,820원"
4,마켓컬리,햇감자 2kg,"6,490원"
5,마켓컬리,가지 5입,"3,480원"
6,마켓컬리,[KF365] 김구원선생 국내산 무농약 콩나물 300g,900원
7,마켓컬리,[KF365] 애호박 1개,980원
8,마켓컬리,무농약 간편 샐러드 6종,"1,800원"
9,마켓컬리,국산 햇 완두콩 500g,"5,400원"
10,마켓컬리,오이 5입,"3,380원"
11,마켓컬리,친환경 가지 5입,"5,500원"
12,마켓컬리,친환경 오이 5입,"4,000원"
13,마켓컬리,친환경 완두콩 300g,"3,900원"
14,마켓컬리,무농약 표고버섯 300g,"4,990원"
15,마켓컬리,우엉채 200g,"2,990원"
16,마켓컬리,[KF365] 가지 2입,"1,590원"
17,마켓컬리,파프리카 2입,"2,490원"
18,마켓컬리,[KF365] 흙대파 1단,"4,290원"
19,마켓컬리,베이비 아스파라거스 100g,"3,490원"
20,마켓컬리,친환경 쌈채소 모둠 200g,"3,500원"
21,마켓컬리,무농약 와일드 루꼴라 50g,"2,490원"
22,마켓컬리,양상추 1입,"2,390원"
23,마켓컬리,적양배추 1/2통,"1,990원"
24,마켓컬리,[KF365] 새송이버섯 400g,"1,450원"
25,마켓컬리,[KF365] 햇 감자 1kg,"3,500원"
26,마켓컬리,유기농 케일 (즙용) 300g,"1,990원"
27,마켓컬리,친환경 채소믹스 500g,"5,900원"
28,마켓컬리,[KF365] 국산 브로콜리 1입,"1,350원"
29,마켓컬리,깐 양파 2입 500g,"2,790원"
30,마켓컬리,구이용 모둠 버섯 200g,"2,390원"
 
쿠팡/채소
1,쿠팡,"곰곰 채소믹스, 1kg, 1개","8,890"
2,쿠팡,"국내산 애호박, 1개입",990
3,쿠팡,"곰곰 국내산 햇감자, 1kg","3,500"
4,쿠팡,"국내산 햇양파, 1.5kg, 1개","3,200"
5,쿠팡,"곰곰 레드 채소믹스, 300g, 1개","3,830"
6,쿠팡,"친환경인증 새송이버섯, 400g, 1봉","1,380"
7,쿠팡,"풀무원 한끼 연두부 + 오리엔탈 유자 소스 6개입, 110g, 1세트","7,470"
8,쿠팡,"곰곰 국내산 백오이, 3개, 1봉","1,820"
9,쿠팡,"farmjoa 뚝딱! 볶음밥용 채소 (냉동), 500g, 2개","12,900"
10,쿠팡,"곰곰 샐러드용 양배추 채, 500g, 1개","3,620"
11,쿠팡,"국내산 파프리카 혼합, 1봉","2,180"
12,쿠팡,"친환경 인증 국내산 팽이버섯, 150g, 3팩","1,350"
13,쿠팡,"곰곰 아삭한 콩나물, 500g, 1봉","2,040"
14,쿠팡,"국내산 흙대파, 1kg, 1개","5,040"
15,쿠팡,"곰곰 양상추, 250g, 1개","2,230"
16,쿠팡,"국내산 청양고추, 150g, 1봉","1,170"
17,쿠팡,"채소믹스, 1kg, 1팩","8,900"
18,쿠팡,"곰곰 국내산 다진마늘, 500g, 1개","6,980"
19,쿠팡,"곰곰 국내산 알배기 450g, 1개","2,000"
20,쿠팡,"곰곰 국산 우리콩두부, 300g, 2팩","4,080"
21,쿠팡,"국내산 시금치, 200g, 1봉","1,500"
22,쿠팡,"국내산 브로컬리, 1입, 1개","1,200"
23,쿠팡,"곰곰 아삭한 숙주나물, 500g, 1봉","1,590"
24,쿠팡,"곰곰 정성가득 콩두부, 550g, 1개입","1,830"
25,쿠팡,"레인보우 믹스 손질채소 (냉동), 500g, 3개","10,900"
26,쿠팡,"곰곰 국내산 흙당근, 1kg, 1봉","2,700"
27,쿠팡,"국내산 손질 부추, 100g, 1팩","1,000"
28,쿠팡,"맛있는 밤고구마 한입사이즈, 1.5kg, 1봉","7,990"
29,쿠팡,"남해 마늘쫑, 500g, 1개","5,990"
30,쿠팡,"곰곰 친환경 양배추, 1개","2,980"
 
네이버쇼핑/채소
1,네이버쇼핑,백년농가 국내산 장수 상황버섯 500g 절편,"45,000원"
2,네이버쇼핑,농장직송 국내산 유기농 상황버섯 500g (실속형),"68,000원"
3,네이버쇼핑,윤상철 건조잎새버섯 100g+100g 무농약 GAP 국내산,"45,000원"
4,네이버쇼핑,해남 꿀 고구마 3kg 5kg 베니하루카 호박고구마 밤고구마,"9,800원"
5,네이버쇼핑,덕구네 해남 세척 꿀고구마 호박 밤고구마 베니하루카 3kg 5kg 10kg,"9,700원"
6,네이버쇼핑,2021년 남해 햇 마늘쫑 마늘종 2kg (특품),"19,800원"
7,네이버쇼핑,해남 세척 고구마 호박 꿀고구마 밤고구마 3kg 5kg 10kg 베니하루카,"12,900원"
8,네이버쇼핑,[5월수확] 햇 수미감자 제주 햇감자 강원도 국내산 3kg 5kg 10kg,"4,500원"
9,네이버쇼핑,세척 오리지널 밤고구마 5kg,"26,900원"
10,네이버쇼핑,세척 꿀고구마 5kg 황금 호박고구마,"30,000원"
11,네이버쇼핑,덕구네 제주 구좌 햇 흙 당근 3kg 5kg 10kg 주스용 미니 꼬마 중 상 특 쥬스용,"5,900원"
12,네이버쇼핑,[예약주문중] 제주 미니 밤호박 보우짱 제철 꿀맛 2kg 3kg 5kg 10kg,"13,000원"
13,네이버쇼핑,못난이채소 건강에 좋은 화이트 양송이버섯 비품 2kg,"10,000원"
14,네이버쇼핑,마사토 안동마 참마 산마 장마 2kg 5kg,"25,900원"
15,네이버쇼핑,정선 노지재배 곰취나물 1kg 곤드레나물 2kg 강원도 고랭지 산지직송,"11,800원"
16,네이버쇼핑,직수입 뉴질랜드 단호박 5kg 10kg,"10,000원"
17,네이버쇼핑,[산지직송] 함평 정대성님의 5월햇수확 무농약 미니단호박/밤호박 1kg,"12,900원"
18,네이버쇼핑,청년형제 100% 퍽퍽한 밤고구마 오리지널 여주 밤고구마 여주 형제농원,"23,000원"
19,네이버쇼핑,못난이 화이트 양송이 버섯 1kg 2kg,"5,600원"
20,네이버쇼핑,해남 꿀 밤 고구마 3kg 5kg 황금 호박고구마 베니하루카,"15,900원"
21,네이버쇼핑,유기농 햇 레드비트 2kg 3kg 5kg 10kg 제주 비트 알비트,"6,900원"
22,네이버쇼핑,해남 꿀 밤 호박고구마 3kg 5kg 10kg,"9,900원"
23,네이버쇼핑,명이나물 강원도 자연산 산마늘 1kg 울릉도종 생채 자연산명이나물 파는곳 장아찌,"14,900원"
24,네이버쇼핑,굿라이프365 생강 계피 차 삼각티백 50개입,"9,900원"
25,네이버쇼핑,"최상급 건조 잎새버섯 1+1 200g (무농약, GAP 안전살균 차,요리용)","45,000원"
26,네이버쇼핑,굿라이프365 도라지 말린도라지 삼각티백 100개입,"19,800원"
27,네이버쇼핑,백다다기 오이 3kg 이내 20개내외 백오이,"6,900원"
28,네이버쇼핑,국내산 신안 진도 영광 완주 평창 청주 산지대파 10KG 손질 절단 깐대파 흙대파 파테크,"31,500원"
29,네이버쇼핑,[당일발송] 2021년 무안 정경석 햇양파 3kg/5kg/10kg 자색양파,"5,900원"
30,네이버쇼핑,자연산 하동 생죽순 10Kg 맹종죽순 분죽 삶은죽순 판매,"39,000원"
 
위메프/채소
1,위메프,늘품 2021년 수확 양파10kg 안동 노지양파 햇양파 가정용양파...,"12,900"
2,위메프,2021 국내산 햇 양파 대 4kg,"10,900"
3,위메프,강원도 6년근 정선 산더덕/깐더덕 500g,"19,500"
4,위메프,10%쿠폰 / 강남 맛집 메이플델리 샐러드 5종 1+1,"9,500"
5,위메프,21년 국내산 햇 감자 3kg~10kg,"8,900"
6,위메프,이번주 가격인하! 21년 첫 수확 밀양 햇 수미감자 3kg (중-...,"6,500"
7,위메프,(단아프레쉬)국내산 2021 햇양파 5kg (중소혼합),"13,000"
8,위메프,국내산 영양가득 합천 깐마늘1kg(중),"12,500"
9,위메프,[순차출고][자연느낌]생으로 먹는 초당옥수수 10개(무선별/10-...,"15,500"
10,위메프,[땅끝]맛있는반건조고구마말랭이70g x 12팩 外,"18,900"
11,위메프,(현대Hmall)[땅끝]맛있는반건조고구마말랭이70g x 15팩,"22,900"
12,위메프,팜모닝 경매직송 고구마 가정용 한입사이즈 10kg,"25,900"
13,위메프,청정숲푸드 지정 강원도 정선 해발1000m 민둥산 생곰취 1kg,"11,900"
14,위메프,빅사이즈 백찰 15개/무첨가/최고의맛 햇 찰옥수수,"16,900"
15,위메프,밀양 무농약 햇 연근 흙연근 2kg,"18,900"
16,위메프,아삭아삭 시원 햇 무우 7Kg (내외),"7,900"
17,위메프,쫀득쫀득 찰옥수수 특품 벌크포장 백찰/홍찰 20개,"11,900"
18,위메프,쫀득쫀득 찰옥수수 백찰/홍찰 20개,"11,900"
19,위메프,쫀득쫀득 찰옥수수 백찰/홍찰 20개,"11,900"
20,위메프,"2021 안동 노지양파 햇양파 10kg 가정용양파,업소용양파","12,900"
21,위메프,늘품 2021년 수확 양파10kg 안동 노지양파 햇양파 가정용양파...,"12,900"
22,위메프,벌크포장 찰옥수수 상품 홍찰 20개,"11,900"
23,위메프,팜 유기농 모듬 쌈채소 1kg /당일수확 농가배송,"9,900"
24,위메프,해남 꿀 고구마 베니하루까 한입 3kg / 맛군,"9,900"
25,위메프,팜모닝 경매직송 고구마 모음전,"9,900"
26,위메프,[갓신선] 21년 지금 수확중! 국내산 햇 감자 5kg (중/대/...,"9,900"
27,위메프,쌈배추8kg한박스대용량,"9,900"
28,위메프,[갓신선] 21년 지금 수확중! 국내산 햇 감자 3kg (중/대/...,"6,500"
29,위메프,[포켓샐러드] 뜯어서 바로 먹는 샐러드 14종 골라담기,"3,700"
30,위메프,봉팔형님 꿀고구마 3kg 5kg 10kg 전라도 고구마 한입 중 ...,"12,900"
 
홈플러스/채소
1,홈플러스,"""햇""수미 감자 2KG(봉)","6,990"
2,홈플러스,단호박(뉴질랜드산) (통),"2,500"
3,홈플러스,친환경 뿌리손질 새송이버섯(2봉),"2,990"
4,홈플러스,애호박 2입(봉),"2,490"
5,홈플러스,햇 양파(중)(망) ,"3,950"
6,홈플러스,"무(국산)(개) (쿠폰적용가▶1,320원)","1,650"
7,홈플러스,다다기오이 3입(봉),"2,290"
8,홈플러스,영해 시금치 250G내외 (국산),"2,590"
9,홈플러스,친환경 팽이버섯(봉),"1,390"
10,홈플러스,대용량 청양고추 300G(봉),"2,790"
11,홈플러스,대파 1KG (봉),"4,490"
12,홈플러스,깻잎 (봉),"1,490"
13,홈플러스,창녕 깐마늘 1KG(봉),"10,900"
14,홈플러스,대용량 오이맛 고추 300G(봉),"2,990"
15,홈플러스,양송이 버섯180G (팩),"3,990"
16,홈플러스,"산지그대로 싱싱 양배추(통) (쿠폰적용가▶2,400원)","3,000"
17,홈플러스,애호박(국산) (개),"1,490"
18,홈플러스,이색믹스 더블 500G (팩),"4,990"
19,홈플러스,흙당근 1KG(봉),"3,190"
20,홈플러스,GAP 다다기오이 20입(박스),"8,990"
21,홈플러스,청상추 (봉),"2,290"
22,홈플러스,적상추(봉),"1,990"
23,홈플러스,표고버섯 (팩),"4,990"
24,홈플러스,자숙 우엉 (봉),"4,990"
25,홈플러스,다다기오이 7입 (봉),"4,690"
26,홈플러스,부추 (봉),"2,990"
27,홈플러스,영암 황토 밤고구마 1.5KG(박스),"11,900"
28,홈플러스,다진 마늘 600G (통),"9,990"
29,홈플러스,친환경 맛타리 버섯 500G(팩),"2,990"
30,홈플러스,호박 고구마 1.5KG(박스),"13,900"
 
지마켓/채소
1,지마켓,건강하고 달달한 무안 적양파 2.5kg,"8,900"
2,지마켓,착한푸드 양파말랭이 건조양파 말린양파 국내산 100g,"8,900"
3,지마켓,제주도 흙당근 대용량 10kg,"10,900"
4,지마켓,영암 꿀달고구마 무농약 3kg(긴특긴상) 30년고구마재배,"19,900"
5,지마켓,아빠의 마음 햇꿀밤못난이 10kg(사이즈랜덤),"34,900"
6,지마켓,풍향 농협 고흥 마늘 반접 50개 특사이즈,"24,900"
7,지마켓,국내산 흙당근 제주당근  몬난이 당근 10kg 쥬스용,"7,900"
8,지마켓,나나팜 호밤 고구마 (소) 5kg 무농약 세척,"25,900"
9,지마켓,흙에서 키운 자색당근 3KG 세척한 햇 자색당근,"29,900"
10,지마켓,국내산 햇 당근~  제주 구좌당근 몬난이 쥬스용 10kg,"7,900"
11,지마켓,나나팜 호밤 고구마 (특) 5kg 무농약 세척,"35,900"
12,지마켓,국내산 수미감자 포슬한 강원도 감자 중 대 5kg,"9,480"
13,지마켓,국산 볶은 돼지감자 600g 돼지감자차 뚱딴지,"10,500"
14,지마켓,꿀밤고구마 5kg(못난이/크기랜덤),"18,900"
15,지마켓,감자 대 5kg 21년 햇감자,"16,900"
16,지마켓,토글토글 무안황토 고구마 특상 특상 3kg,"22,000"
17,지마켓,청풍명가 국내산 다진마늘 500g,"11,900"
18,지마켓,임성규네 아이스 군고구마 1kg,"7,900"
19,지마켓,이탈리안블렌드(LAIYANG) 1kg,"4,600"
20,지마켓,아빠의 마음 햇꿀밤못난이 10kg(사이즈랜덤),"34,900"
21,지마켓,한입 밤고구마 1팩,"1,800"
22,지마켓,꿀 호박 고구마(특) 10kg 오븐용 추천크기 세척고구마,"65,900"
23,지마켓,건강하고 달달한 무안 적양파 5kg,"17,800"
24,지마켓,국내산 볶은돼지감자 1kg / 돼지감자차 건조돼지감자,"16,900"
25,지마켓,국내산 볶은돼지감자 500g / 돼지감자차 건조돼지감자,"8,900"
26,지마켓,국산 건조생강 말린생강 생강차 편강 600g  원물 건강,"23,000"
27,지마켓,국산 건조생강 말린생강 생강차 편강 600g  건생강,"25,000"
28,지마켓,돼지감자 국내산 볶은 돼지감자 500g 돼지감자차,"14,900"
29,지마켓,돼지감자 국내산 건조 돼지감자 500g,"12,000"
30,지마켓,제주도 흙당근 대용량 10kg,"10,900"
 
카카오쇼핑/농산물
1,카카오쇼핑, [자연맛남] 포슬포슬 햇 수미감자 5kg 중 대 특 왕특 ,"가격 12,900원 "
2,카카오쇼핑, 청풍명가 국내산 다진마늘 1kg ,"가격 14,900원 "
3,카카오쇼핑, 김제 고당도 트리벨리 파프리카 1.5kg ,"톡딜가 10,900원"
4,카카오쇼핑,[친구전용] 당일 수확하는 대추방울토마토 2kg ,"가격 12,900원 "
5,카카오쇼핑, 다이어트 최강식품 대추 방울토마토 3-4번과 4kg 2kg ,"톡딜가 8,900원"
6,카카오쇼핑, [자연맛남] 아삭 알싸한 남도 대서 깐마늘 400g 1kg외 크기별 ,"톡딜가 5,900원"
7,카카오쇼핑, 2021년 국내산 햇 양파 5kg 특사이즈 / 무료배송 ,"톡딜가 7,500원"
8,카카오쇼핑, 산지직송 해남 황토밭 무농약 세척 꿀고구마 특상 3kg/5kg ,"가격 23,900원 "
9,카카오쇼핑, 도곡팜 미니파프리카 1.5kg(벌크포장) ,"가격 13,000원 "
10,카카오쇼핑, 2021년 햇 레드비트 3kg 2개구매시 7kg발송 ,"가격 10,900원 "
11,카카오쇼핑, 달달한 아이스군고구마 1kg (500g 2개) ,"톡딜가 10,900원"
12,카카오쇼핑, 3일특가 21년 경남 하우스 햇감자 포슬포슬 수미감자 ,"톡딜가 6,900원"
13,카카오쇼핑, 국산 방울토마토2kg  초특가! 9900원! ,"톡딜가 9,900원"
14,카카오쇼핑," [꿀이구마] 해남 꿀 고구마 3kg 베니하루카 (소,중,상) ","톡딜가 13,900원"
15,카카오쇼핑, 무안 햇양파 5kg 10kg 21년산  / 산지직송! ,"가격 6,500원 할인율49%"
16,카카오쇼핑," [고구마 3kg+무료배송] 전남영암 세척 꿀 밤고구마 베니하루카(한입,중,상) ","톡딜가 12,900원"
17,카카오쇼핑, 탱글탱글 상콤한 완숙토마토2kg (1~3번과/12~14내외) ,"가격 15,900원 "
18,카카오쇼핑, 햇고구마 해남고구마 3kg 5kg 베니하루카 꿀밤 고구마 ,"톡딜가 10,900원"
19,카카오쇼핑, 해남 황토 꿀고구마 5kg 베니하루카 3kg ,"톡딜가 12,900원"
20,카카오쇼핑,[친구전용] [예약발송] 진도 초당옥수수 특품 10개 (17cm내외) ,"가격 15,900원 할인율36%"
21,카카오쇼핑, 하우스 햇당근 건강한 흙당근 2kg~7kg ,"톡딜가 7,800원"
22,카카오쇼핑, 진액많고 향 좋은 강원도 횡성 3년근 더덕 500g ,"가격 15,900원 "
23,카카오쇼핑, 단골아저씨 대저토마토 찰토마토 못난이대과+랜덤과 2.5kg 5kg 제철프리미엄 ,"가격 25,900원 "
24,카카오쇼핑, [맛있오이 특25개] 5kg내외 맛있고 신선한 산지직송 특품 백다다기 백오이 ,"가격 25,000원 "
25,카카오쇼핑, 스테비아방울토마토(토망고) 대추 방울토마토  500g /5kg ,"톡딜가 6,900원"
26,카카오쇼핑, 고당도 스테비아토마토 망고토마토 토망고1kg+1kg ,"가격 27,900원 "
27,카카오쇼핑, [특 50개 10kg]맛있는 산지직송 특품 백다다기 백오이 조선오이 맛있오이 ,"톡딜가 16,900원"
28,카카오쇼핑, 고당도 스테비아 꿀 토마토 샤인빅마토 1kg+1kg ,"가격 25,900원 "
29,카카오쇼핑, [순차출고][자연느낌]생으로 먹는 초당옥수수 10개(무선별/14cm이하) ,"가격 16,900원 "
30,카카오쇼핑,[친구전용] 젊은 농부의 건강 새싹삼 50뿌리(미니-소) 외 ,"가격 10,900원 "
 - 자사몰 - 
맛다름
국산과일
1,맛다름,[국내산] 하우스 감귤 3kg(30~49입내) 로얄과 사이즈 랜덤,"39,000원"
2,맛다름,달콤한 샤인마토 스테비아 대추방울토마토 500g 2팩,"19,000원"
3,맛다름,토마토 2.5kg내외(3~5번),"13,000원"
4,맛다름,[국내산] 사과 1.8kg내외(6~8입내/개당 250~300내외),"20,000원"
5,맛다름,대추토마토 500g*1팩  1~3번,"7,000원"
6,맛다름,방울토마토  1kg내외(1~3번),"10,000원"
7,맛다름,[국내산] 하우스 감귤 1kg(10~16입내) 로얄과 사이즈 랜덤,"16,000원"
8,맛다름,달콤한 샤인빅마토 스테비아 완숙토마토 1kg*2팩 아이스박스 포장,"23,000원"
9,맛다름,[맛다름3팩 세트] 토마토 3종 1.5kg,"14,000원"
10,맛다름,[가락시장 경매!] 당도높은 맛있는 수박 6kg내외,"22,000원"
11,맛다름,[국내산] 신고배 2.5kg내외 3~5입(개당 580g내외),"25,000원"
12,맛다름,[국내산] 머스크 메론 1입  1~1.6kg내외,"22,000원"
13,맛다름,[국내산][대과] 경북 의성농협 세척사과 2.5kg내외(10~13입),"32,000원"
14,맛다름,맛있는 안동사과 1.3kg내외(5~8입/개당 170~200g내외),"9,000원"
15,맛다름,[국내산] 신고배 2.5kg내외 4~6입(개당 480g내외),"23,000원"
16,맛다름,[국내산][특]성주 용암 꿀 참외 5kg내외 봉(16~21입) 로얄사이즈,"29,000원"
17,맛다름,[국내산][특]성주 용암 꿀 참외 3kg내외 봉(9~12입) 로얄사이즈,"19,000원"
18,맛다름,[국내산][특]성주 용암 꿀 참외 1.5kg내외 봉(4~7입) 로얄사이즈,"12,000원"
19,맛다름,달콤한 샤인마토 스테비아 대추방울토마토 500g 4팩,"33,000원"
20,맛다름,[가락시장 경매!] 당도높은 맛있는 수박 7kg내외,"23,000원"
21,맛다름,방울토마토  2kg내외(1~3번),"16,000원"
22,맛다름,맛있는 안동사과 8kg내외(39~46입/개당 170~200g내외),"37,000원"
23,맛다름,[국내산] 신고배 5kg내외 8~10입(개당 480g내외),"39,000원"
24,맛다름,대추토마토 500g*4팩  1~3번,"18,000원"
25,맛다름,[국내산] 신고배 5kg내외 7~8입(개당 580g내외),"42,000원"
26,맛다름,맛있는 안동사과 2kg내외(9~12입/개당 170~200g내외),"13,000원"
27,맛다름,[국내산][대과] 경북 의성농협 세척사과 5kg내외(21~23입),"61,000원"
28,맛다름,대추토마토 500g*2팩  1~3번,"11,000원"
29,맛다름,맛있는 안동사과 5kg내외(24~29입/개당 170~200g내외),"24,000원"
30,맛다름,[국내산] 사과  5kg내외(15~19입내/개당 250~300내외),"48,000원"
수입과일
1,맛다름,[미국] 퓨어스펙 블랙 고당도 네이블 오렌지 9~11입 1.7kg내외(개당 180g~190내외),"9,000원"
2,맛다름,[특점보] 제스프리 골드키위 5~6입내(개당 180~150g내외) 아이스박스 안전포장,"12,000원"
3,맛다름,[태국] 통 냉동두리안 1통 1~2kg내외,"28,000원"
4,맛다름,[칠레] 씨없는 적포도 800g내외 * 1팩,"9,000원"
5,맛다름,[베트남] 용과 4입_아이스박스(개당 450~500g내외),"19,000원"
6,맛다름,[태국][대과] 망고 4입(개당 410g내외),"21,000원"
7,맛다름,[베트남] 용과 2입_아이스박스(개당 450~500g내외),"12,000원"
8,맛다름,[필리핀] 고당도 바나나 6kg내외 1박스 (4~5수)_아이스박스,"29,000원"
9,맛다름,[미국]아보카도 5개입 1kg내외(개당 200g내외),"17,000원"
10,맛다름,[호주] 씨없는 애플청포도 800g*1팩,"11,000원"
11,맛다름,[미국] 레몬 팬시 15입 1.8kg내외(개당 120g내외),"11,000원"
12,맛다름,[칠레] 씨없는 적포도 800g내외 * 2팩,"14,000원"
13,맛다름,[호주] 씨없는 애플청포도 800g내외 * 2팩,"19,000원"
14,맛다름,[태국][대과] 통 냉동두리안 1통 3.6~4.5kg내외,"65,000원"
15,맛다름,[태국] 통 냉동두리안 2통 3~4kg내외,"53,000원"
16,맛다름,[태국] 통 냉동두리안 1통 2.8~3.5kg내외,"46,000원"
17,맛다름,[미국] 퓨어스펙 블랙 고당도 오렌지 20~22입 3.8kg내외(개당 180~190g내외),"16,000원"
18,맛다름,[필리핀] 고당도 바나나 6kg내외 1박스 (3~4수)_아이스박스,"24,000원"
19,맛다름,[필리핀] 고당도 컷팅 바나나 1kg내외 8~10입_아이스박스,"9,000원"
20,맛다름,[미국] 퓨어스펙 블랙 고당도 오렌지 30~33입 5.7kg내외(개당 180~190g내외),"21,000원"
21,맛다름,[태국][대과] 망고 8입(개당 410g내외),"38,000원"
22,맛다름,[특점보] 제스프리 골드키위 3kg내외 20~22입내(개당 180~150g내외) 아이스박스 안전포장,"33,000원"
23,맛다름,[미국] 레몬 팬시 30입 3.6kg내외(개당 120g내외),"18,000원"
24,맛다름,[미국]아보카도 10개입 2.5kg내외(개당 200g내외),"30,000원"
25,맛다름,[필리핀] 고당도 바나나 2다발 4~3kg내외_아이스박스,"17,000원"
26,맛다름,[미국] 레몬 팬시 24입 2.9kg내외(개당 120g내외),"15,000원"
27,맛다름,[필리핀] 고당도 바나나 2다발 2~3kg내외_아이스박스,"14,000원"
28,맛다름,[특점보] 제스프리 골드키위 8~9입내(개당 180~150g내외) 아이스박스 안전포장,"16,000원"
29,맛다름,[특점보] 제스프리 골드키위 2.1kg내외 14~16입내(개당 180~150g내외) 아이스박스 안전포장,"25,000원"
30,맛다름,[필리핀] 고당도 컷팅 바나나 500g내외 4~6입_아이스박스,"7,000원"
야채알뜰
1,맛다름,국산 깐마늘 (소) 300g/봉,"4,000원"
2,맛다름,꽈리고추 300g/봉,"5,800원"
3,맛다름,청양고추 300g/봉,"3,300원"
4,맛다름,풋고추 300g/봉,"3,800원"
5,맛다름,국내산 가지 5개,"3,100원"
6,맛다름,국내산 애호박 3개,"3,600원"
7,맛다름,국내산 취청오이 5개,"3,700원"
8,맛다름,국내산 백다다기오이 5개,"2,800원"
9,맛다름,한끼식사세트 2호 (된장찌개용),"6,900원"
10,맛다름,한끼식사세트 1호 (카레용),"5,500원"
11,맛다름,싱싱한 모둠쌈 250g내외/팩,"2,900원"
12,맛다름,깐쪽파(큰단) 1단,"9,900원"
13,맛다름,GAP 추부깻잎 30장*2봉,"2,100원"
14,맛다름,국내산 백다다기오이10개/봉,"5,400원"
15,맛다름,뉴질랜드산 껍질 손질 단호박 한통 1kg내외,"4,200원"
16,맛다름,국내산 햇마늘쫑 500g 내외,"5,900원"
17,맛다름,국내산 흙생강 1kg/봉,"9,000원"
18,맛다름,[국내산] 브로콜리 3송이,"6,500원"
19,맛다름,[국내산] 흙당근 1kg내외(봉),"2,600원"
20,맛다름,알배기쌈배추 2통,"7,100원"
21,맛다름,국내산 흙생강 500g/봉,"4,700원"
22,맛다름,국내산 깐마늘(대) 500g,"5,800원"
23,맛다름,노각 1개,"3,800원"
24,맛다름,실파 1단,"2,900원"
25,맛다름,[국내산] 파프리카 혼합 3입(빨주노 랜덤),"4,500원"
26,맛다름,국내산 아스파라거스 300g,"6,800원"
27,맛다름,국내산 취청오이 3개,"2,500원"
28,맛다름,[맛다름] 국내산 햇마늘쫑(특품) 1kg내외,"10,800원"
29,맛다름,꽈리고추 150g/봉,"3,000원"
30,맛다름,청양고추 150g/봉,"1,800원"
신선야채
1,맛다름,국내산 아스파라거스 1kg내외,"21,800원"
2,맛다름,국내산 장마(특품) 5kg내외,"82,000원"
3,맛다름,국내산 우엉 4kg내외,"36,500원"
4,맛다름,국내산 통연근(비세척) 5kg내외,"63,000원"
5,맛다름,국내산 깐마늘(대) 1kg/봉,"13,500원"
6,맛다름,국내산 레드 비트 5kg내외/box(8~13개),"15,000원"
7,맛다름,국내산 양파 3kg내외,"5,800원"
8,맛다름,[국내산] 한입고구마 4.8kg내외/box,"23,000원"
9,맛다름,[국내산] 한입고구마 2.4kg내외/box,"13,500원"
10,맛다름,차마고도 건조 능이버섯 100g/봉 (중국산),"24,800원"
11,맛다름,국내산 초당옥수수 5개/18cm이상 특대,"12,800원"
12,맛다름,국내산 햇마늘쫑(특품) 2kg 내외,"23,000원"
13,맛다름,국내산 레드 비트 3kg내외/box(5~8개),"11,000원"
14,맛다름,국내산 장마(특품) 2kg내외,"35,000원"
15,맛다름,[국내산] 호박고구마 4.8kg내외/box,"38,800원"
16,맛다름,[국내산] 꿀밤고구마4.8kg내외/box,"35,800원"
17,맛다름,[국내산] 호박고구마 2.4kg내외/box,"21,500원"
18,맛다름,국내산 늙은호박 5~6kg내외,"26,000원"
19,맛다름,[기획주스] 5일치! 파슬리 300g + 레몬 5알_아이스박스포장,"10,500원"
20,맛다름,[맛다름] 여름출하! 햇완두콩 4kg/망,"26,800원"
21,맛다름,[맛다름] 여름 출하! 햇완두콩 2kg내외/망,"15,800원"
22,맛다름,[맛다름] 2021년산 햇마늘 50개내외/망,"26,000원"
23,맛다름,배추 3통/망,"15,800원"
24,맛다름,[국내산] 레드 비트 2kg(3~5개),"8,300원"
25,맛다름,국내산 장마(특품) 3kg내외,"51,000원"
26,맛다름,국내산 우엉 2kg내외,"19,500원"
27,맛다름,국내산 통연근(비세척) 3kg내외,"39,000원"
28,맛다름,뉴질랜드 햇 단호박 3통,"9,900원"
29,맛다름,배추 1통,"6,900원"
30,맛다름,[국내산] 꿀밤고구마2.4kg내외/box,"18,900원"
